series_id,nodule_id,patient_id,label,avg_score,num_slices,split
0,0,LIDC-IDRI-0001,1,5.0,8,val
2,0,LIDC-IDRI-0003,1,4.33,7,train
2,2,LIDC-IDRI-0003,1,4.0,5,train
3,0,LIDC-IDRI-0004,0,1.5,4,train
10,1,LIDC-IDRI-0011,0,1.4,2,val
10,2,LIDC-IDRI-0011,0,1.0,3,val
10,3,LIDC-IDRI-0011,0,1.0,3,val
11,4,LIDC-IDRI-0012,0,2.0,4,train
12,1,LIDC-IDRI-0013,1,5.0,9,test
13,0,LIDC-IDRI-0014,1,4.0,5,train
15,0,LIDC-IDRI-0016,1,4.5,5,train
15,4,LIDC-IDRI-0016,1,4.5,6,train
17,3,LIDC-IDRI-0018,1,5.0,6,train
20,0,LIDC-IDRI-0021,0,2.0,5,val
23,3,LIDC-IDRI-0024,0,1.5,2,val
25,0,LIDC-IDRI-0026,0,1.5,2,test
30,0,LIDC-IDRI-0031,1,4.0,3,train
30,1,LIDC-IDRI-0031,1,4.5,8,train
33,0,LIDC-IDRI-0034,0,2.0,4,val
36,0,LIDC-IDRI-0037,1,4.0,6,val
38,0,LIDC-IDRI-0039,0,1.5,5,test
38,1,LIDC-IDRI-0039,0,1.0,3,test
38,3,LIDC-IDRI-0039,0,1.0,3,test
38,4,LIDC-IDRI-0039,0,2.0,3,test
40,0,LIDC-IDRI-0041,1,4.5,6,train
40,1,LIDC-IDRI-0041,0,1.0,3,train
42,1,LIDC-IDRI-0043,1,5.0,6,train
42,2,LIDC-IDRI-0043,1,4.0,7,train
43,0,LIDC-IDRI-0044,1,4.0,11,val
43,1,LIDC-IDRI-0044,0,1.67,5,val
44,1,LIDC-IDRI-0045,1,4.0,3,test
44,3,LIDC-IDRI-0045,0,1.5,3,test
44,4,LIDC-IDRI-0045,1,4.33,7,test
44,5,LIDC-IDRI-0045,0,2.0,5,test
46,0,LIDC-IDRI-0047,1,4.5,4,test
48,0,LIDC-IDRI-0049,0,2.0,2,train
48,4,LIDC-IDRI-0049,0,2.0,2,train
48,6,LIDC-IDRI-0049,0,1.67,2,train
48,7,LIDC-IDRI-0049,0,2.0,3,train
49,0,LIDC-IDRI-0050,1,4.0,9,train
50,0,LIDC-IDRI-0051,1,4.33,5,train
52,0,LIDC-IDRI-0053,1,4.0,9,test
53,0,LIDC-IDRI-0054,1,4.5,6,train
54,2,LIDC-IDRI-0055,1,4.0,4,train
56,0,LIDC-IDRI-0057,1,5.0,22,train
58,0,LIDC-IDRI-0059,1,4.25,4,test
59,0,LIDC-IDRI-0060,1,4.0,5,test
60,0,LIDC-IDRI-0061,1,4.5,5,train
62,1,LIDC-IDRI-0063,1,4.5,6,train
63,1,LIDC-IDRI-0064,1,4.0,9,train
66,2,LIDC-IDRI-0067,0,2.0,3,train
66,3,LIDC-IDRI-0067,1,4.0,9,train
67,2,LIDC-IDRI-0068,1,4.33,8,train
67,4,LIDC-IDRI-0068,1,4.0,6,train
67,5,LIDC-IDRI-0068,1,4.5,7,train
68,2,LIDC-IDRI-0070,0,1.5,1,train
75,0,LIDC-IDRI-0077,1,4.25,10,train
76,0,LIDC-IDRI-0080,1,5.0,16,test
80,0,LIDC-IDRI-0085,0,2.0,2,test
82,0,LIDC-IDRI-0087,1,4.5,8,train
83,1,LIDC-IDRI-0088,0,1.5,4,train
84,0,LIDC-IDRI-0089,1,4.33,10,val
87,0,LIDC-IDRI-0092,0,1.0,3,train
90,1,LIDC-IDRI-0095,1,4.5,8,train
93,0,LIDC-IDRI-0099,0,1.5,5,train
99,0,LIDC-IDRI-0108,1,4.67,7,train
102,1,LIDC-IDRI-0111,1,4.33,7,test
105,0,LIDC-IDRI-0114,1,4.0,6,train
106,0,LIDC-IDRI-0116,1,4.75,7,train
107,0,LIDC-IDRI-0118,0,1.0,4,train
107,1,LIDC-IDRI-0118,0,1.33,4,train
107,2,LIDC-IDRI-0118,0,1.0,4,train
108,0,LIDC-IDRI-0121,1,4.0,12,train
111,5,LIDC-IDRI-0124,0,2.0,2,train
112,1,LIDC-IDRI-0125,0,2.0,3,train
115,8,LIDC-IDRI-0129,1,4.0,9,train
115,11,LIDC-IDRI-0129,1,4.5,9,train
115,12,LIDC-IDRI-0129,0,2.0,3,train
116,0,LIDC-IDRI-0131,1,4.0,3,train
117,1,LIDC-IDRI-0132,1,4.33,4,train
119,4,LIDC-IDRI-0135,0,2.0,3,train
120,1,LIDC-IDRI-0137,0,1.0,2,train
122,1,LIDC-IDRI-0139,1,4.0,9,val
123,0,LIDC-IDRI-0141,0,2.0,5,train
123,2,LIDC-IDRI-0141,0,2.0,4,train
126,0,LIDC-IDRI-0144,0,1.5,2,train
126,1,LIDC-IDRI-0144,0,1.5,3,train
126,3,LIDC-IDRI-0144,0,2.0,3,train
126,4,LIDC-IDRI-0144,0,2.0,3,train
129,1,LIDC-IDRI-0148,1,4.5,6,train
129,2,LIDC-IDRI-0148,1,4.75,5,train
133,1,LIDC-IDRI-0153,1,4.0,6,val
135,0,LIDC-IDRI-0156,1,4.0,4,train
139,1,LIDC-IDRI-0160,0,1.0,4,val
142,0,LIDC-IDRI-0163,1,4.0,9,train
143,2,LIDC-IDRI-0164,1,4.0,9,val
146,0,LIDC-IDRI-0167,0,2.0,2,train
146,2,LIDC-IDRI-0167,0,1.0,2,train
147,0,LIDC-IDRI-0168,0,1.33,4,train
148,1,LIDC-IDRI-0169,1,4.5,6,train
149,0,LIDC-IDRI-0170,1,4.0,14,train
150,3,LIDC-IDRI-0171,1,4.0,6,train
151,0,LIDC-IDRI-0172,1,4.0,8,test
155,0,LIDC-IDRI-0176,0,2.0,2,test
158,3,LIDC-IDRI-0179,1,4.0,5,train
160,3,LIDC-IDRI-0181,0,2.0,6,train
160,4,LIDC-IDRI-0181,1,4.5,6,train
161,1,LIDC-IDRI-0182,0,2.0,2,train
162,1,LIDC-IDRI-0183,1,4.0,10,train
162,2,LIDC-IDRI-0183,1,4.5,9,train
164,0,LIDC-IDRI-0185,0,1.67,2,train
164,1,LIDC-IDRI-0185,0,2.0,3,train
164,5,LIDC-IDRI-0185,0,1.0,4,train
165,0,LIDC-IDRI-0186,1,5.0,4,train
165,2,LIDC-IDRI-0186,0,1.0,2,train
166,0,LIDC-IDRI-0187,1,4.25,8,train
167,3,LIDC-IDRI-0188,1,4.33,9,train
169,1,LIDC-IDRI-0190,1,5.0,10,val
173,0,LIDC-IDRI-0194,1,4.5,5,test
173,1,LIDC-IDRI-0194,1,4.67,5,test
174,0,LIDC-IDRI-0195,1,4.0,4,val
174,1,LIDC-IDRI-0195,1,4.0,6,val
174,2,LIDC-IDRI-0195,1,4.67,7,val
174,3,LIDC-IDRI-0195,1,4.33,4,val
174,4,LIDC-IDRI-0195,1,4.0,6,val
175,0,LIDC-IDRI-0196,1,4.5,5,train
178,1,LIDC-IDRI-0199,0,1.5,3,train
182,0,LIDC-IDRI-0203,0,1.0,3,val
182,1,LIDC-IDRI-0203,1,4.5,10,val
185,0,LIDC-IDRI-0206,1,4.0,8,train
185,1,LIDC-IDRI-0206,0,2.0,4,train
191,0,LIDC-IDRI-0212,0,1.0,2,train
192,0,LIDC-IDRI-0213,0,1.33,4,train
194,0,LIDC-IDRI-0215,0,1.0,4,train
196,2,LIDC-IDRI-0217,1,4.5,5,val
198,2,LIDC-IDRI-0220,1,4.0,7,test
198,3,LIDC-IDRI-0220,1,4.5,10,test
199,0,LIDC-IDRI-0221,1,5.0,8,val
200,0,LIDC-IDRI-0222,0,1.75,3,train
201,0,LIDC-IDRI-0223,1,5.0,16,train
201,1,LIDC-IDRI-0223,1,4.0,12,train
207,0,LIDC-IDRI-0229,1,4.0,6,test
207,2,LIDC-IDRI-0229,1,4.25,4,test
207,3,LIDC-IDRI-0229,1,4.5,8,test
207,5,LIDC-IDRI-0229,1,4.0,3,test
207,6,LIDC-IDRI-0229,1,4.0,4,test
213,0,LIDC-IDRI-0235,0,2.0,4,train
217,1,LIDC-IDRI-0240,1,4.0,6,train
219,0,LIDC-IDRI-0242,1,5.0,7,test
221,2,LIDC-IDRI-0244,0,1.0,2,test
225,0,LIDC-IDRI-0248,0,1.33,2,val
227,1,LIDC-IDRI-0250,1,4.67,4,train
233,0,LIDC-IDRI-0256,0,1.33,3,train
237,1,LIDC-IDRI-0260,1,4.0,5,train
237,2,LIDC-IDRI-0260,1,4.0,4,train
239,0,LIDC-IDRI-0263,0,1.75,2,train
240,0,LIDC-IDRI-0264,1,4.0,12,train
241,0,LIDC-IDRI-0265,1,4.0,9,train
243,0,LIDC-IDRI-0267,0,1.0,3,train
246,0,LIDC-IDRI-0270,0,2.0,2,val
252,0,LIDC-IDRI-0276,1,4.0,3,val
257,0,LIDC-IDRI-0281,0,1.5,3,train
260,0,LIDC-IDRI-0284,0,1.0,3,train
262,1,LIDC-IDRI-0286,0,1.33,3,train
263,0,LIDC-IDRI-0287,0,2.0,2,train
267,0,LIDC-IDRI-0291,0,2.0,5,train
272,0,LIDC-IDRI-0297,0,2.0,7,train
274,1,LIDC-IDRI-0299,1,4.0,7,train
275,0,LIDC-IDRI-0300,0,2.0,4,train
275,1,LIDC-IDRI-0300,1,4.0,11,train
276,0,LIDC-IDRI-0301,0,1.5,10,train
281,0,LIDC-IDRI-0309,1,4.0,4,train
287,0,LIDC-IDRI-0315,1,4.0,4,test
287,2,LIDC-IDRI-0315,0,2.0,3,test
289,0,LIDC-IDRI-0317,0,2.0,2,val
294,0,LIDC-IDRI-0323,0,2.0,2,train
296,0,LIDC-IDRI-0325,1,4.5,27,test
302,0,LIDC-IDRI-0332,1,5.0,13,train
303,0,LIDC-IDRI-0332,1,4.0,10,train
304,3,LIDC-IDRI-0334,0,2.0,1,train
304,4,LIDC-IDRI-0334,1,4.0,3,train
305,2,LIDC-IDRI-0335,0,2.0,5,train
307,0,LIDC-IDRI-0337,1,5.0,12,train
307,1,LIDC-IDRI-0337,1,4.5,5,train
315,0,LIDC-IDRI-0346,0,1.0,3,test
315,1,LIDC-IDRI-0346,0,1.0,3,test
315,3,LIDC-IDRI-0346,0,1.0,2,test
316,2,LIDC-IDRI-0347,1,4.5,4,train
320,0,LIDC-IDRI-0351,0,1.0,3,train
322,0,LIDC-IDRI-0353,1,4.0,5,train
322,1,LIDC-IDRI-0353,0,1.0,3,train
323,0,LIDC-IDRI-0354,0,1.0,3,train
329,0,LIDC-IDRI-0359,0,1.5,4,test
332,0,LIDC-IDRI-0362,1,4.33,6,val
334,0,LIDC-IDRI-0365,1,4.5,3,train
338,2,LIDC-IDRI-0368,1,4.0,8,train
338,4,LIDC-IDRI-0368,0,1.0,3,train
343,0,LIDC-IDRI-0375,0,1.0,8,train
345,0,LIDC-IDRI-0377,1,5.0,11,train
347,1,LIDC-IDRI-0379,0,1.0,2,train
347,4,LIDC-IDRI-0379,0,1.5,3,train
348,1,LIDC-IDRI-0380,0,2.0,2,train
354,1,LIDC-IDRI-0386,0,1.0,10,train
355,0,LIDC-IDRI-0387,1,4.0,4,train
356,0,LIDC-IDRI-0388,0,2.0,5,train
358,0,LIDC-IDRI-0390,0,1.0,3,train
358,1,LIDC-IDRI-0390,0,1.0,3,train
358,2,LIDC-IDRI-0390,0,1.0,4,train
358,3,LIDC-IDRI-0390,0,1.0,3,train
358,4,LIDC-IDRI-0390,0,1.0,3,train
358,5,LIDC-IDRI-0390,0,1.0,3,train
358,6,LIDC-IDRI-0390,0,2.0,3,train
358,7,LIDC-IDRI-0390,0,1.0,2,train
358,8,LIDC-IDRI-0390,0,1.5,2,train
362,0,LIDC-IDRI-0394,1,4.0,5,train
367,0,LIDC-IDRI-0399,0,2.0,5,val
370,0,LIDC-IDRI-0403,0,1.0,15,train
371,0,LIDC-IDRI-0404,1,5.0,15,train
374,0,LIDC-IDRI-0407,1,4.33,8,train
374,1,LIDC-IDRI-0407,0,2.0,4,train
375,0,LIDC-IDRI-0409,0,1.0,9,train
378,0,LIDC-IDRI-0412,0,2.0,4,train
379,1,LIDC-IDRI-0413,0,2.0,2,train
384,0,LIDC-IDRI-0419,0,1.67,4,train
385,0,LIDC-IDRI-0420,1,4.0,3,val
386,0,LIDC-IDRI-0421,0,1.0,3,train
386,1,LIDC-IDRI-0421,1,4.0,9,train
387,0,LIDC-IDRI-0423,1,4.25,14,val
390,0,LIDC-IDRI-0426,0,1.0,4,train
391,0,LIDC-IDRI-0427,0,1.0,11,train
391,1,LIDC-IDRI-0427,0,2.0,7,train
391,2,LIDC-IDRI-0427,0,2.0,6,train
391,3,LIDC-IDRI-0427,0,1.0,7,train
397,0,LIDC-IDRI-0433,0,2.0,5,train
399,0,LIDC-IDRI-0437,0,1.5,9,test
399,1,LIDC-IDRI-0437,0,1.5,11,test
399,2,LIDC-IDRI-0437,0,1.0,11,test
401,1,LIDC-IDRI-0439,0,2.0,3,train
404,1,LIDC-IDRI-0442,0,2.0,2,test
404,2,LIDC-IDRI-0442,0,2.0,2,test
405,1,LIDC-IDRI-0442,0,2.0,1,test
406,0,LIDC-IDRI-0443,0,2.0,9,train
408,0,LIDC-IDRI-0445,1,4.0,4,train
412,5,LIDC-IDRI-0450,1,5.0,7,train
416,0,LIDC-IDRI-0454,1,5.0,18,train
416,2,LIDC-IDRI-0454,1,4.0,5,train
417,0,LIDC-IDRI-0456,0,1.0,4,val
417,1,LIDC-IDRI-0456,0,1.0,12,val
417,2,LIDC-IDRI-0456,0,1.0,5,val
423,0,LIDC-IDRI-0463,0,1.0,8,train
425,0,LIDC-IDRI-0466,0,1.0,4,train
429,0,LIDC-IDRI-0470,1,4.5,18,train
432,0,LIDC-IDRI-0473,0,2.0,5,train
432,1,LIDC-IDRI-0473,0,2.0,5,train
432,2,LIDC-IDRI-0473,0,2.0,2,train
433,0,LIDC-IDRI-0474,0,1.0,4,train
436,0,LIDC-IDRI-0478,0,1.0,5,train
439,0,LIDC-IDRI-0481,0,2.0,4,train
439,3,LIDC-IDRI-0481,0,2.0,3,train
441,0,LIDC-IDRI-0484,1,4.0,6,train
442,0,LIDC-IDRI-0484,1,4.0,6,train
443,0,LIDC-IDRI-0485,0,1.0,3,val
443,3,LIDC-IDRI-0485,0,2.0,2,val
446,0,LIDC-IDRI-0488,0,2.0,7,train
447,0,LIDC-IDRI-0489,1,5.0,9,test
447,1,LIDC-IDRI-0489,1,4.33,5,test
447,2,LIDC-IDRI-0489,1,4.0,6,test
447,7,LIDC-IDRI-0489,1,5.0,8,test
448,0,LIDC-IDRI-0490,1,4.0,31,train
449,0,LIDC-IDRI-0491,0,1.0,5,val
449,1,LIDC-IDRI-0491,0,1.0,5,val
449,2,LIDC-IDRI-0491,0,1.0,6,val
449,3,LIDC-IDRI-0491,0,1.0,6,val
449,5,LIDC-IDRI-0491,0,1.0,9,val
450,0,LIDC-IDRI-0492,0,1.0,4,train
450,1,LIDC-IDRI-0492,0,2.0,3,train
450,3,LIDC-IDRI-0492,0,1.0,3,train
451,0,LIDC-IDRI-0493,0,1.0,3,train
455,2,LIDC-IDRI-0499,0,2.0,2,train
462,0,LIDC-IDRI-0507,1,4.0,10,train
463,0,LIDC-IDRI-0508,1,4.0,17,test
470,0,LIDC-IDRI-0515,1,4.0,14,test
473,1,LIDC-IDRI-0518,0,2.0,2,val
479,0,LIDC-IDRI-0526,1,4.0,7,train
479,2,LIDC-IDRI-0526,1,5.0,6,train
482,0,LIDC-IDRI-0529,0,1.67,6,val
483,1,LIDC-IDRI-0530,0,1.0,7,val
487,0,LIDC-IDRI-0534,0,1.0,3,train
493,0,LIDC-IDRI-0541,0,1.0,2,train
494,0,LIDC-IDRI-0542,0,1.0,7,train
495,0,LIDC-IDRI-0543,1,4.0,23,train
498,0,LIDC-IDRI-0546,1,4.33,18,train
499,1,LIDC-IDRI-0547,0,2.0,6,test
503,0,LIDC-IDRI-0552,1,4.0,3,val
510,0,LIDC-IDRI-0559,0,1.0,2,train
510,1,LIDC-IDRI-0559,0,1.0,2,train
516,2,LIDC-IDRI-0565,1,4.67,9,test
516,3,LIDC-IDRI-0565,0,2.0,2,test
516,4,LIDC-IDRI-0565,0,2.0,4,test
516,5,LIDC-IDRI-0565,0,2.0,3,test
517,0,LIDC-IDRI-0567,0,1.0,3,train
518,0,LIDC-IDRI-0568,0,1.0,4,val
518,2,LIDC-IDRI-0568,0,1.0,5,val
519,1,LIDC-IDRI-0569,0,1.0,3,val
519,3,LIDC-IDRI-0569,0,1.0,2,val
522,0,LIDC-IDRI-0572,0,1.5,12,test
526,2,LIDC-IDRI-0576,1,4.5,12,train
526,3,LIDC-IDRI-0576,0,1.5,3,train
527,0,LIDC-IDRI-0577,0,1.67,3,train
532,0,LIDC-IDRI-0582,0,2.0,6,val
532,5,LIDC-IDRI-0582,0,1.5,2,val
533,0,LIDC-IDRI-0583,0,2.0,6,train
533,4,LIDC-IDRI-0583,0,2.0,3,train
539,0,LIDC-IDRI-0590,1,4.0,10,train
